,Accuracy,ROC-AUC,Precision,Recall,F1
RandomForest,0.9512195121951219,0.9857142857142857,1.0,0.9,0.9473684210526315
XGBoost,0.9024390243902439,0.9619047619047619,0.9,0.9,0.9
LightGBM,0.8780487804878049,0.9595238095238094,0.8571428571428571,0.9,0.8780487804878049
